Threshold,LV,Observed_Corr,P_Value_Spin,P_Value_Random,Class_0_Count,Class_1_Count
Thr_0p001,LV1,0.5411108975957922,0.03696303696303696,0.000999000999000999,56,44
