Threshold,LV,Observed_Corr,P_Value_Spin,P_Value_Random,Class_0_Count,Class_1_Count
Thr_0p01,LV1,0.5604694584293216,0.023976023976023976,0.000999000999000999,61,39
